A1KV2VPZ1TE6AJ:3OLF68YTNCTUHF8GKUOA7J45O4XFA4,counterbalance,1
A1KV2VPZ1TE6AJ:3OLF68YTNCTUHF8GKUOA7J45O4XFA4,mode,sandbox
A1KV2VPZ1TE6AJ:3OLF68YTNCTUHF8GKUOA7J45O4XFA4,condition,0
A12V3KOVU7QSUC:39ZSFO5CABOU1Q8A9PWMMI8ROE6JUN,counterbalance,5
A12V3KOVU7QSUC:39ZSFO5CABOU1Q8A9PWMMI8ROE6JUN,difficulty,5
A12V3KOVU7QSUC:39ZSFO5CABOU1Q8A9PWMMI8ROE6JUN,engagement,5
A12V3KOVU7QSUC:39ZSFO5CABOU1Q8A9PWMMI8ROE6JUN,mode,sandbox
A12V3KOVU7QSUC:39ZSFO5CABOU1Q8A9PWMMI8ROE6JUN,condition,0
A2541C8MY0BYV3:3TPWUS5F8CTKLGR9UXYBBK1XGHOCW3,counterbalance,3
A2541C8MY0BYV3:3TPWUS5F8CTKLGR9UXYBBK1XGHOCW3,mode,live
A2541C8MY0BYV3:3TPWUS5F8CTKLGR9UXYBBK1XGHOCW3,condition,0
A2EHH2ZFIRF1BF:308Q0PEVBB50MN01TWK583RHVLNI9L,counterbalance,0
A2EHH2ZFIRF1BF:308Q0PEVBB50MN01TWK583RHVLNI9L,difficulty,0
A2EHH2ZFIRF1BF:308Q0PEVBB50MN01TWK583RHVLNI9L,engagement,10
A2EHH2ZFIRF1BF:308Q0PEVBB50MN01TWK583RHVLNI9L,mode,live
A2EHH2ZFIRF1BF:308Q0PEVBB50MN01TWK583RHVLNI9L,condition,0
A2T11H7YI7QPGD:3VNL7UK1XIBZWB7PQUJ1W6F190YFTR,counterbalance,2
A2T11H7YI7QPGD:3VNL7UK1XIBZWB7PQUJ1W6F190YFTR,difficulty,2
A2T11H7YI7QPGD:3VNL7UK1XIBZWB7PQUJ1W6F190YFTR,engagement,7
A2T11H7YI7QPGD:3VNL7UK1XIBZWB7PQUJ1W6F190YFTR,mode,live
A2T11H7YI7QPGD:3VNL7UK1XIBZWB7PQUJ1W6F190YFTR,condition,0
A1GJUZLR45D5MP:37Q970SNZH07RW02UVZQXZFL671S1E,counterbalance,1
A1GJUZLR45D5MP:37Q970SNZH07RW02UVZQXZFL671S1E,difficulty,5
A1GJUZLR45D5MP:37Q970SNZH07RW02UVZQXZFL671S1E,engagement,9
A1GJUZLR45D5MP:37Q970SNZH07RW02UVZQXZFL671S1E,mode,live
A1GJUZLR45D5MP:37Q970SNZH07RW02UVZQXZFL671S1E,condition,0
